FirstName,MiddleName,LastName,DOB,Sex,Height,Weight,PhoneNumber,Email,StreetAddress,CurrentDate,FutureDate,Sent,SendText
Thuy,Thu,Quach,04121996,Female,170,55,6692736729,harrykane1204@gmail.com,100,2023-02-15 00:05:00,2023-03-08 00:05:00,1,16692736729
Hue,Nghi,Truong,08251999,Female,165,50,4083458970,huenghi1234@gmail.com,1719 Berryessa Rd,2023-02-13 00:05:00,2023-03-06 00:05:00,1,14083458970
Jason,Thiet,Nguyen,05061961,Male,171,72,4081134768,jasonnguyen0506@gmail.com,1132 Tully Rd,2023-02-13 00:05:00,2023-03-06 00:05:00,1,14081134768
Jason,Thiet,Nguyen,05061961,Male,171,72,4081134768,jasonnguyen0506@gmail.com,1132 Tully Rd,2023-02-13 00:05:00,2023-03-06 00:05:00,1,14081134768
Khai,Tri,Nguyen,01021999,Female,160,55,2097411188,khaitri1122@gmail.com,1109 Milpitas Blv,2023-02-13 00:05:00,2023-03-06 00:05:00,1,12097411188
Jose,Morill,Ronaldo,03171978,Male,180,80,6692671909,jose1223@gmail.com,2628 King Rd,2023-02-13 00:05:00,2023-03-06 00:05:00,1,16692671909
Ronaldo,,Cristiano,05051985,Male,185,75,6692736729,harrytran1204@gmail.com,1143 Story Rd,2023-02-15 00:05:00,2023-03-08 00:05:00,1,16692736729
Ronaldo,,Cristiano,05051985,Male,185,75,6692736729,harrytran1204@gmail.com,1143 Story Rd,2023-02-15 00:05:00,2023-03-08 00:05:00,1,16692736729
Ha,Tung,Tran,04121995,Male,172,65,6692736729,harrytran1204@gmail.com,1618 Story Rd,2023-02-15 00:05:00,2023-03-08 00:05:00,1,16692736729
Ha,Tung,Tran,04121995,Male,172,65,6692736729,harrytran1204@gmail.com,1618 Story Rd,2023-02-15 00:05:00,2023-03-08 00:05:00,1,16692736729
Tan,H,Nguyen,10/21/1993,Male,182,72,6692418623,huybkdn21@gmail.com,San Jose,2023-05-11 00:05:00,2023-06-01 00:05:00,1,16692418623
Tan,Huy,Nguyen,10/21/1993,Male,182,72,6692418623,huybkdn21@gmail.com,Brenford Dr,2023-05-11 00:05:00,2023-06-01 00:05:00,1,16692418623
Tan ,Huy,Nguyen,10/21/1993,Male,180,72,6692418623,huybkdn21@gmail.com,Brenford Dr,2023-05-11 00:05:00,2023-06-01 00:05:00,1,16692418623
Tan,Huy1,Nguyen,10/21/1993,Male,182,72,6692418623,huybkdn21@gmail.com,Brenford Dr.,2023-05-11 00:05:00,2023-06-01 00:05:00,1,16692418623
